itemId,principalId,principalType,principalName,permission,accessType,accessToItemGroupId
WKS-5b6962ef,UG-D5CE28,Group,Medical Officer,Contributor,Direct,ATG-WKS-5b6962ef-Contributor
WKS-5b6962ef,SF-D2B541,User,Sarah Harris,Contributor,indirect,ATG-WKS-5b6962ef-Contributor
WKS-5b6962ef,SF-00276C,User,Lori Taylor,Contributor,indirect,ATG-WKS-5b6962ef-Contributor
WKS-5b6962ef,UG-2C73C1,Group,Commander,Contributor,Direct,ATG-WKS-5b6962ef-Contributor
WKS-5b6962ef,SF-94F330,User,Peter Williams,Contributor,indirect,ATG-WKS-5b6962ef-Contributor
WKS-5b6962ef,SF-9DE5A9,User,Sandra Sanchez,Contributor,indirect,ATG-WKS-5b6962ef-Contributor
WKS-5b6962ef,SF-D1D5EF,User,Vincent Bates,Contributor,indirect,ATG-WKS-5b6962ef-Contributor
WKS-5b6962ef,SF-85B4C5,User,Kimberly Williams,Contributor,indirect,ATG-WKS-5b6962ef-Contributor
WKS-5b6962ef,UG-5A5753,Group,Security Officer,Admin,Direct,ATG-WKS-5b6962ef-Admin
WKS-5b6962ef,SF-E12219,User,Sean Hendricks,Admin,indirect,ATG-WKS-5b6962ef-Admin
WKS-5b6962ef,SF-D1D5EF,User,Vincent Bates,Admin,indirect,ATG-WKS-5b6962ef-Admin
WKS-5b6962ef,SF-500B65,User,Robin Jones,Admin,indirect,ATG-WKS-5b6962ef-Admin
WKS-5b6962ef,SF-52E89D,User,Tanner Jensen,Admin,indirect,ATG-WKS-5b6962ef-Admin
WKS-5b6962ef,SF-4E1026,User,Aaron Gonzalez,Viewer,Direct,ATG-WKS-5b6962ef-Viewer
WKS-5b6962ef,SF-6FD6FF,User,Kylie Coleman,Viewer,Direct,ATG-WKS-5b6962ef-Viewer
WKS-5b6962ef,SF-6D835A,User,Tyler Miles,Member,Direct,ATG-WKS-5b6962ef-Member
WKS-d6a39ae5,UG-756300,Group,Engineering Officer,Viewer,Direct,ATG-WKS-d6a39ae5-Viewer
WKS-d6a39ae5,SF-6D835A,User,Tyler Miles,Viewer,indirect,ATG-WKS-d6a39ae5-Viewer
WKS-d6a39ae5,SF-85B4C5,User,Kimberly Williams,Viewer,indirect,ATG-WKS-d6a39ae5-Viewer
WKS-d6a39ae5,SF-924A68,User,Gabriel Jacobs,Viewer,indirect,ATG-WKS-d6a39ae5-Viewer
WKS-d6a39ae5,SF-500B65,User,Robin Jones,Admin,Direct,ATG-WKS-d6a39ae5-Admin
WKS-a8083ba1,UG-5A5753,Group,Security Officer,Contributor,Direct,ATG-WKS-a8083ba1-Contributor
WKS-a8083ba1,SF-E12219,User,Sean Hendricks,Contributor,indirect,ATG-WKS-a8083ba1-Contributor
WKS-a8083ba1,SF-D1D5EF,User,Vincent Bates,Contributor,indirect,ATG-WKS-a8083ba1-Contributor
WKS-a8083ba1,SF-500B65,User,Robin Jones,Contributor,indirect,ATG-WKS-a8083ba1-Contributor
WKS-a8083ba1,SF-52E89D,User,Tanner Jensen,Contributor,indirect,ATG-WKS-a8083ba1-Contributor
WKS-a8083ba1,SF-FEE711,User,Amanda Reynolds,Viewer,Direct,ATG-WKS-a8083ba1-Viewer
WKS-bf7914a3,UG-756300,Group,Engineering Officer,Viewer,Direct,ATG-WKS-bf7914a3-Viewer
WKS-bf7914a3,SF-6D835A,User,Tyler Miles,Viewer,indirect,ATG-WKS-bf7914a3-Viewer
WKS-bf7914a3,SF-85B4C5,User,Kimberly Williams,Viewer,indirect,ATG-WKS-bf7914a3-Viewer
WKS-bf7914a3,SF-924A68,User,Gabriel Jacobs,Viewer,indirect,ATG-WKS-bf7914a3-Viewer
WKS-bf7914a3,UG-D5CE28,Group,Medical Officer,Viewer,Direct,ATG-WKS-bf7914a3-Viewer
WKS-bf7914a3,SF-D2B541,User,Sarah Harris,Viewer,indirect,ATG-WKS-bf7914a3-Viewer
WKS-bf7914a3,SF-00276C,User,Lori Taylor,Viewer,indirect,ATG-WKS-bf7914a3-Viewer
WKS-bf7914a3,SF-924A68,User,Gabriel Jacobs,Contributor,Direct,ATG-WKS-bf7914a3-Contributor
WKS-bf7914a3,SF-FD292A,User,Gina Webster,Viewer,Direct,ATG-WKS-bf7914a3-Viewer
WKS-179874b1,UG-690010,Group,Lieutenant,Viewer,Direct,ATG-WKS-179874b1-Viewer
WKS-179874b1,SF-94F330,User,Peter Williams,Viewer,indirect,ATG-WKS-179874b1-Viewer
WKS-179874b1,SF-924A68,User,Gabriel Jacobs,Viewer,indirect,ATG-WKS-179874b1-Viewer
WKS-179874b1,UG-DEFFB3,Group,Ensign,Admin,Direct,ATG-WKS-179874b1-Admin
WKS-179874b1,SF-4E1026,User,Aaron Gonzalez,Admin,indirect,ATG-WKS-179874b1-Admin
WKS-179874b1,SF-924A68,User,Gabriel Jacobs,Admin,indirect,ATG-WKS-179874b1-Admin
WKS-179874b1,SF-B5EA77,User,Nancy Moss,Contributor,Direct,ATG-WKS-179874b1-Contributor
WKS-179874b1,SF-94F330,User,Peter Williams,Member,Direct,ATG-WKS-179874b1-Member
SEM-1821cc6c,UG-3CC272,Group,Captain,Read,Direct,ATG-SEM-1821cc6c-Read
SEM-1821cc6c,SF-4E1026,User,Aaron Gonzalez,Read,indirect,ATG-SEM-1821cc6c-Read
SEM-1821cc6c,SF-FD292A,User,Gina Webster,Read,indirect,ATG-SEM-1821cc6c-Read
SEM-1821cc6c,SF-6D835A,User,Tyler Miles,Read,indirect,ATG-SEM-1821cc6c-Read
SEM-1821cc6c,SF-52E89D,User,Tanner Jensen,ReadReshare,Direct,ATG-SEM-1821cc6c-ReadReshare
SEM-18ba0dae,UG-756300,Group,Engineering Officer,ReadWriteExplore,Direct,ATG-SEM-18ba0dae-ReadWriteExplore
SEM-18ba0dae,SF-6D835A,User,Tyler Miles,ReadWriteExplore,indirect,ATG-SEM-18ba0dae-ReadWriteExplore
SEM-18ba0dae,SF-85B4C5,User,Kimberly Williams,ReadWriteExplore,indirect,ATG-SEM-18ba0dae-ReadWriteExplore
SEM-18ba0dae,SF-924A68,User,Gabriel Jacobs,ReadWriteExplore,indirect,ATG-SEM-18ba0dae-ReadWriteExplore
SEM-18ba0dae,SF-924A68,User,Gabriel Jacobs,ReadWriteExplore,Direct,ATG-SEM-18ba0dae-ReadWriteExplore
SEM-9bc1467b,UG-661ACD,Group,Away Team,Read,Direct,ATG-SEM-9bc1467b-Read
SEM-9bc1467b,SF-6FD6FF,User,Kylie Coleman,Read,indirect,ATG-SEM-9bc1467b-Read
SEM-9bc1467b,SF-00276C,User,Lori Taylor,Read,indirect,ATG-SEM-9bc1467b-Read
SEM-9bc1467b,SF-FD292A,User,Gina Webster,Read,indirect,ATG-SEM-9bc1467b-Read
SEM-9bc1467b,SF-924A68,User,Gabriel Jacobs,Read,indirect,ATG-SEM-9bc1467b-Read
SEM-9bc1467b,SF-BF4214,User,Melissa Lee,Read,indirect,ATG-SEM-9bc1467b-Read
SEM-9bc1467b,UG-224BFB,Group,Science Officer,Read,Direct,ATG-SEM-9bc1467b-Read
SEM-9bc1467b,SF-9DE5A9,User,Sandra Sanchez,Read,indirect,ATG-SEM-9bc1467b-Read
SEM-9bc1467b,SF-D2B541,User,Sarah Harris,Read,indirect,ATG-SEM-9bc1467b-Read
SEM-9bc1467b,SF-BF4214,User,Melissa Lee,Read,indirect,ATG-SEM-9bc1467b-Read
SEM-9bc1467b,SF-4BE42E,User,Sabrina Martin,Read,indirect,ATG-SEM-9bc1467b-Read
SEM-9bc1467b,SF-FD292A,User,Gina Webster,Read,indirect,ATG-SEM-9bc1467b-Read
SEM-9bc1467b,SF-52E89D,User,Tanner Jensen,Read,Direct,ATG-SEM-9bc1467b-Read
SEM-9bc1467b,SF-500B65,User,Robin Jones,ReadWriteReshareExplore,Direct,ATG-SEM-9bc1467b-ReadWriteReshareExplore
SEM-e72cdcc2,UG-DEFFB3,Group,Ensign,ReadWriteReshareExplore,Direct,ATG-SEM-e72cdcc2-ReadWriteReshareExplore
SEM-e72cdcc2,SF-4E1026,User,Aaron Gonzalez,ReadWriteReshareExplore,indirect,ATG-SEM-e72cdcc2-ReadWriteReshareExplore
SEM-e72cdcc2,SF-924A68,User,Gabriel Jacobs,ReadWriteReshareExplore,indirect,ATG-SEM-e72cdcc2-ReadWriteReshareExplore
SEM-e72cdcc2,UG-5A5753,Group,Security Officer,ReadReshare,Direct,ATG-SEM-e72cdcc2-ReadReshare
SEM-e72cdcc2,SF-E12219,User,Sean Hendricks,ReadReshare,indirect,ATG-SEM-e72cdcc2-ReadReshare
SEM-e72cdcc2,SF-D1D5EF,User,Vincent Bates,ReadReshare,indirect,ATG-SEM-e72cdcc2-ReadReshare
SEM-e72cdcc2,SF-500B65,User,Robin Jones,ReadReshare,indirect,ATG-SEM-e72cdcc2-ReadReshare
SEM-e72cdcc2,SF-52E89D,User,Tanner Jensen,ReadReshare,indirect,ATG-SEM-e72cdcc2-ReadReshare
SEM-e72cdcc2,UG-756300,Group,Engineering Officer,ReadWriteExplore,Direct,ATG-SEM-e72cdcc2-ReadWriteExplore
SEM-e72cdcc2,SF-6D835A,User,Tyler Miles,ReadWriteExplore,indirect,ATG-SEM-e72cdcc2-ReadWriteExplore
SEM-e72cdcc2,SF-85B4C5,User,Kimberly Williams,ReadWriteExplore,indirect,ATG-SEM-e72cdcc2-ReadWriteExplore
SEM-e72cdcc2,SF-924A68,User,Gabriel Jacobs,ReadWriteExplore,indirect,ATG-SEM-e72cdcc2-ReadWriteExplore
SEM-e72cdcc2,SF-94F330,User,Peter Williams,Read,Direct,ATG-SEM-e72cdcc2-Read
SEM-e72cdcc2,SF-E12219,User,Sean Hendricks,ReadWriteReshareExplore,Direct,ATG-SEM-e72cdcc2-ReadWriteReshareExplore
SEM-e72cdcc2,SF-4E1026,User,Aaron Gonzalez,ReadWriteReshareExplore,Direct,ATG-SEM-e72cdcc2-ReadWriteReshareExplore
SEM-1de02fa3,UG-43BC55,Group,Bridge Crew,ReadWriteExplore,Direct,ATG-SEM-1de02fa3-ReadWriteExplore
SEM-1de02fa3,SF-6FD6FF,User,Kylie Coleman,ReadWriteExplore,indirect,ATG-SEM-1de02fa3-ReadWriteExplore
SEM-1de02fa3,SF-4E1026,User,Aaron Gonzalez,ReadWriteExplore,indirect,ATG-SEM-1de02fa3-ReadWriteExplore
SEM-1de02fa3,SF-500B65,User,Robin Jones,ReadWriteExplore,indirect,ATG-SEM-1de02fa3-ReadWriteExplore
SEM-1de02fa3,UG-690010,Group,Lieutenant,Read,Direct,ATG-SEM-1de02fa3-Read
SEM-1de02fa3,SF-94F330,User,Peter Williams,Read,indirect,ATG-SEM-1de02fa3-Read
SEM-1de02fa3,SF-924A68,User,Gabriel Jacobs,Read,indirect,ATG-SEM-1de02fa3-Read
SEM-1de02fa3,UG-3CC272,Group,Captain,ReadReshare,Direct,ATG-SEM-1de02fa3-ReadReshare
SEM-1de02fa3,SF-4E1026,User,Aaron Gonzalez,ReadReshare,indirect,ATG-SEM-1de02fa3-ReadReshare
SEM-1de02fa3,SF-FD292A,User,Gina Webster,ReadReshare,indirect,ATG-SEM-1de02fa3-ReadReshare
SEM-1de02fa3,SF-6D835A,User,Tyler Miles,ReadReshare,indirect,ATG-SEM-1de02fa3-ReadReshare
SEM-1de02fa3,SF-FEE711,User,Amanda Reynolds,ReadReshare,Direct,ATG-SEM-1de02fa3-ReadReshare
SEM-1de02fa3,SF-4E1026,User,Aaron Gonzalez,ReadWriteExplore,Direct,ATG-SEM-1de02fa3-ReadWriteExplore
SEM-1de02fa3,SF-FD292A,User,Gina Webster,ReadWriteReshareExplore,Direct,ATG-SEM-1de02fa3-ReadWriteReshareExplore
SEM-5231095a,UG-D5CE28,Group,Medical Officer,Read,Direct,ATG-SEM-5231095a-Read
SEM-5231095a,SF-D2B541,User,Sarah Harris,Read,indirect,ATG-SEM-5231095a-Read
SEM-5231095a,SF-00276C,User,Lori Taylor,Read,indirect,ATG-SEM-5231095a-Read
SEM-5231095a,SF-D2B541,User,Sarah Harris,Read,Direct,ATG-SEM-5231095a-Read
SEM-90557bc9,UG-D5CE28,Group,Medical Officer,ReadReshare,Direct,ATG-SEM-90557bc9-ReadReshare
SEM-90557bc9,SF-D2B541,User,Sarah Harris,ReadReshare,indirect,ATG-SEM-90557bc9-ReadReshare
SEM-90557bc9,SF-00276C,User,Lori Taylor,ReadReshare,indirect,ATG-SEM-90557bc9-ReadReshare
SEM-90557bc9,SF-94F330,User,Peter Williams,ReadWriteReshareExplore,Direct,ATG-SEM-90557bc9-ReadWriteReshareExplore
SEM-a92061c8,UG-690010,Group,Lieutenant,ReadReshare,Direct,ATG-SEM-a92061c8-ReadReshare
SEM-a92061c8,SF-94F330,User,Peter Williams,ReadReshare,indirect,ATG-SEM-a92061c8-ReadReshare
SEM-a92061c8,SF-924A68,User,Gabriel Jacobs,ReadReshare,indirect,ATG-SEM-a92061c8-ReadReshare
SEM-a92061c8,SF-6FD6FF,User,Kylie Coleman,ReadWriteExplore,Direct,ATG-SEM-a92061c8-ReadWriteExplore
SEM-35e88b64,UG-756300,Group,Engineering Officer,ReadReshare,Direct,ATG-SEM-35e88b64-ReadReshare
SEM-35e88b64,SF-6D835A,User,Tyler Miles,ReadReshare,indirect,ATG-SEM-35e88b64-ReadReshare
SEM-35e88b64,SF-85B4C5,User,Kimberly Williams,ReadReshare,indirect,ATG-SEM-35e88b64-ReadReshare
SEM-35e88b64,SF-924A68,User,Gabriel Jacobs,ReadReshare,indirect,ATG-SEM-35e88b64-ReadReshare
SEM-35e88b64,SF-85B4C5,User,Kimberly Williams,ReadReshare,Direct,ATG-SEM-35e88b64-ReadReshare
SEM-cdb96f07,UG-D5CE28,Group,Medical Officer,ReadWriteReshareExplore,Direct,ATG-SEM-cdb96f07-ReadWriteReshareExplore
SEM-cdb96f07,SF-D2B541,User,Sarah Harris,ReadWriteReshareExplore,indirect,ATG-SEM-cdb96f07-ReadWriteReshareExplore
SEM-cdb96f07,SF-00276C,User,Lori Taylor,ReadWriteReshareExplore,indirect,ATG-SEM-cdb96f07-ReadWriteReshareExplore
SEM-cdb96f07,UG-661ACD,Group,Away Team,Read,Direct,ATG-SEM-cdb96f07-Read
SEM-cdb96f07,SF-6FD6FF,User,Kylie Coleman,Read,indirect,ATG-SEM-cdb96f07-Read
SEM-cdb96f07,SF-00276C,User,Lori Taylor,Read,indirect,ATG-SEM-cdb96f07-Read
SEM-cdb96f07,SF-FD292A,User,Gina Webster,Read,indirect,ATG-SEM-cdb96f07-Read
SEM-cdb96f07,SF-924A68,User,Gabriel Jacobs,Read,indirect,ATG-SEM-cdb96f07-Read
SEM-cdb96f07,SF-BF4214,User,Melissa Lee,Read,indirect,ATG-SEM-cdb96f07-Read
SEM-cdb96f07,SF-D2B541,User,Sarah Harris,Read,Direct,ATG-SEM-cdb96f07-Read
SEM-cdb96f07,SF-94F330,User,Peter Williams,Read,Direct,ATG-SEM-cdb96f07-Read
SEM-b2d58a8d,UG-CFB98C,Group,Lieutenant Commander,ReadWriteExplore,Direct,ATG-SEM-b2d58a8d-ReadWriteExplore
SEM-b2d58a8d,SF-BF4214,User,Melissa Lee,ReadWriteExplore,indirect,ATG-SEM-b2d58a8d-ReadWriteExplore
SEM-b2d58a8d,SF-6D835A,User,Tyler Miles,ReadWriteExplore,indirect,ATG-SEM-b2d58a8d-ReadWriteExplore
SEM-b2d58a8d,UG-756300,Group,Engineering Officer,Read,Direct,ATG-SEM-b2d58a8d-Read
SEM-b2d58a8d,SF-6D835A,User,Tyler Miles,Read,indirect,ATG-SEM-b2d58a8d-Read
SEM-b2d58a8d,SF-85B4C5,User,Kimberly Williams,Read,indirect,ATG-SEM-b2d58a8d-Read
SEM-b2d58a8d,SF-924A68,User,Gabriel Jacobs,Read,indirect,ATG-SEM-b2d58a8d-Read
SEM-b2d58a8d,UG-661ACD,Group,Away Team,ReadReshare,Direct,ATG-SEM-b2d58a8d-ReadReshare
SEM-b2d58a8d,SF-6FD6FF,User,Kylie Coleman,ReadReshare,indirect,ATG-SEM-b2d58a8d-ReadReshare
SEM-b2d58a8d,SF-00276C,User,Lori Taylor,ReadReshare,indirect,ATG-SEM-b2d58a8d-ReadReshare
SEM-b2d58a8d,SF-FD292A,User,Gina Webster,ReadReshare,indirect,ATG-SEM-b2d58a8d-ReadReshare
SEM-b2d58a8d,SF-924A68,User,Gabriel Jacobs,ReadReshare,indirect,ATG-SEM-b2d58a8d-ReadReshare
SEM-b2d58a8d,SF-BF4214,User,Melissa Lee,ReadReshare,indirect,ATG-SEM-b2d58a8d-ReadReshare
SEM-b2d58a8d,SF-B5EA77,User,Nancy Moss,ReadWriteReshareExplore,Direct,ATG-SEM-b2d58a8d-ReadWriteReshareExplore
SEM-b2d58a8d,SF-500B65,User,Robin Jones,ReadWriteExplore,Direct,ATG-SEM-b2d58a8d-ReadWriteExplore
SEM-b2d58a8d,SF-4BE42E,User,Sabrina Martin,ReadWriteReshareExplore,Direct,ATG-SEM-b2d58a8d-ReadWriteReshareExplore
SEM-fc3e5467,UG-DEFFB3,Group,Ensign,ReadWriteExplore,Direct,ATG-SEM-fc3e5467-ReadWriteExplore
SEM-fc3e5467,SF-4E1026,User,Aaron Gonzalez,ReadWriteExplore,indirect,ATG-SEM-fc3e5467-ReadWriteExplore
SEM-fc3e5467,SF-924A68,User,Gabriel Jacobs,ReadWriteExplore,indirect,ATG-SEM-fc3e5467-ReadWriteExplore
SEM-fc3e5467,UG-CFB98C,Group,Lieutenant Commander,Read,Direct,ATG-SEM-fc3e5467-Read
SEM-fc3e5467,SF-BF4214,User,Melissa Lee,Read,indirect,ATG-SEM-fc3e5467-Read
SEM-fc3e5467,SF-6D835A,User,Tyler Miles,Read,indirect,ATG-SEM-fc3e5467-Read
SEM-fc3e5467,SF-FF9C69,User,Ariel Brooks,ReadReshare,Direct,ATG-SEM-fc3e5467-ReadReshare
SEM-fc3e5467,SF-D1D5EF,User,Vincent Bates,ReadWriteReshareExplore,Direct,ATG-SEM-fc3e5467-ReadWriteReshareExplore
SEM-400adc1e,UG-661ACD,Group,Away Team,ReadWriteReshareExplore,Direct,ATG-SEM-400adc1e-ReadWriteReshareExplore
SEM-400adc1e,SF-6FD6FF,User,Kylie Coleman,ReadWriteReshareExplore,indirect,ATG-SEM-400adc1e-ReadWriteReshareExplore
SEM-400adc1e,SF-00276C,User,Lori Taylor,ReadWriteReshareExplore,indirect,ATG-SEM-400adc1e-ReadWriteReshareExplore
SEM-400adc1e,SF-FD292A,User,Gina Webster,ReadWriteReshareExplore,indirect,ATG-SEM-400adc1e-ReadWriteReshareExplore
SEM-400adc1e,SF-924A68,User,Gabriel Jacobs,ReadWriteReshareExplore,indirect,ATG-SEM-400adc1e-ReadWriteReshareExplore
SEM-400adc1e,SF-BF4214,User,Melissa Lee,ReadWriteReshareExplore,indirect,ATG-SEM-400adc1e-ReadWriteReshareExplore
SEM-400adc1e,UG-D5CE28,Group,Medical Officer,ReadReshare,Direct,ATG-SEM-400adc1e-ReadReshare
SEM-400adc1e,SF-D2B541,User,Sarah Harris,ReadReshare,indirect,ATG-SEM-400adc1e-ReadReshare
SEM-400adc1e,SF-00276C,User,Lori Taylor,ReadReshare,indirect,ATG-SEM-400adc1e-ReadReshare
SEM-400adc1e,SF-FEE711,User,Amanda Reynolds,Read,Direct,ATG-SEM-400adc1e-Read
SEM-400adc1e,SF-9DE5A9,User,Sandra Sanchez,Read,Direct,ATG-SEM-400adc1e-Read
SEM-f61ae4f9,UG-5A5753,Group,Security Officer,ReadWriteReshareExplore,Direct,ATG-SEM-f61ae4f9-ReadWriteReshareExplore
SEM-f61ae4f9,SF-E12219,User,Sean Hendricks,ReadWriteReshareExplore,indirect,ATG-SEM-f61ae4f9-ReadWriteReshareExplore
SEM-f61ae4f9,SF-D1D5EF,User,Vincent Bates,ReadWriteReshareExplore,indirect,ATG-SEM-f61ae4f9-ReadWriteReshareExplore
SEM-f61ae4f9,SF-500B65,User,Robin Jones,ReadWriteReshareExplore,indirect,ATG-SEM-f61ae4f9-ReadWriteReshareExplore
SEM-f61ae4f9,SF-52E89D,User,Tanner Jensen,ReadWriteReshareExplore,indirect,ATG-SEM-f61ae4f9-ReadWriteReshareExplore
SEM-f61ae4f9,UG-CFB98C,Group,Lieutenant Commander,Read,Direct,ATG-SEM-f61ae4f9-Read
SEM-f61ae4f9,SF-BF4214,User,Melissa Lee,Read,indirect,ATG-SEM-f61ae4f9-Read
SEM-f61ae4f9,SF-6D835A,User,Tyler Miles,Read,indirect,ATG-SEM-f61ae4f9-Read
SEM-f61ae4f9,SF-D1D5EF,User,Vincent Bates,ReadWriteReshareExplore,Direct,ATG-SEM-f61ae4f9-ReadWriteReshareExplore
SEM-f61ae4f9,SF-B5EA77,User,Nancy Moss,Read,Direct,ATG-SEM-f61ae4f9-Read
SEM-ff0c559f,UG-5A5753,Group,Security Officer,ReadReshare,Direct,ATG-SEM-ff0c559f-ReadReshare
SEM-ff0c559f,SF-E12219,User,Sean Hendricks,ReadReshare,indirect,ATG-SEM-ff0c559f-ReadReshare
SEM-ff0c559f,SF-D1D5EF,User,Vincent Bates,ReadReshare,indirect,ATG-SEM-ff0c559f-ReadReshare
SEM-ff0c559f,SF-500B65,User,Robin Jones,ReadReshare,indirect,ATG-SEM-ff0c559f-ReadReshare
SEM-ff0c559f,SF-52E89D,User,Tanner Jensen,ReadReshare,indirect,ATG-SEM-ff0c559f-ReadReshare
SEM-ff0c559f,SF-4E1026,User,Aaron Gonzalez,ReadWriteExplore,Direct,ATG-SEM-ff0c559f-ReadWriteExplore
SEM-18770829,UG-756300,Group,Engineering Officer,ReadWriteReshareExplore,Direct,ATG-SEM-18770829-ReadWriteReshareExplore
SEM-18770829,SF-6D835A,User,Tyler Miles,ReadWriteReshareExplore,indirect,ATG-SEM-18770829-ReadWriteReshareExplore
SEM-18770829,SF-85B4C5,User,Kimberly Williams,ReadWriteReshareExplore,indirect,ATG-SEM-18770829-ReadWriteReshareExplore
SEM-18770829,SF-924A68,User,Gabriel Jacobs,ReadWriteReshareExplore,indirect,ATG-SEM-18770829-ReadWriteReshareExplore
SEM-18770829,UG-5A5753,Group,Security Officer,Read,Direct,ATG-SEM-18770829-Read
SEM-18770829,SF-E12219,User,Sean Hendricks,Read,indirect,ATG-SEM-18770829-Read
SEM-18770829,SF-D1D5EF,User,Vincent Bates,Read,indirect,ATG-SEM-18770829-Read
SEM-18770829,SF-500B65,User,Robin Jones,Read,indirect,ATG-SEM-18770829-Read
SEM-18770829,SF-52E89D,User,Tanner Jensen,Read,indirect,ATG-SEM-18770829-Read
SEM-18770829,SF-4E1026,User,Aaron Gonzalez,Read,Direct,ATG-SEM-18770829-Read
SEM-18770829,SF-B5EA77,User,Nancy Moss,ReadWriteReshareExplore,Direct,ATG-SEM-18770829-ReadWriteReshareExplore
REP-a63a7063,UG-CFB98C,Group,Lieutenant Commander,Owner,Direct,ATG-REP-a63a7063-Owner
REP-a63a7063,SF-BF4214,User,Melissa Lee,Owner,indirect,ATG-REP-a63a7063-Owner
REP-a63a7063,SF-6D835A,User,Tyler Miles,Owner,indirect,ATG-REP-a63a7063-Owner
REP-a63a7063,SF-00276C,User,Lori Taylor,ReadWrite,Direct,ATG-REP-a63a7063-ReadWrite
REP-10bd7fab,UG-DEFFB3,Group,Ensign,ReadWrite,Direct,ATG-REP-10bd7fab-ReadWrite
REP-10bd7fab,SF-4E1026,User,Aaron Gonzalez,ReadWrite,indirect,ATG-REP-10bd7fab-ReadWrite
REP-10bd7fab,SF-924A68,User,Gabriel Jacobs,ReadWrite,indirect,ATG-REP-10bd7fab-ReadWrite
REP-10bd7fab,SF-FF9C69,User,Ariel Brooks,ReadWrite,Direct,ATG-REP-10bd7fab-ReadWrite
REP-68f2b0a1,UG-5A5753,Group,Security Officer,Owner,Direct,ATG-REP-68f2b0a1-Owner
REP-68f2b0a1,SF-E12219,User,Sean Hendricks,Owner,indirect,ATG-REP-68f2b0a1-Owner
REP-68f2b0a1,SF-D1D5EF,User,Vincent Bates,Owner,indirect,ATG-REP-68f2b0a1-Owner
REP-68f2b0a1,SF-500B65,User,Robin Jones,Owner,indirect,ATG-REP-68f2b0a1-Owner
REP-68f2b0a1,SF-52E89D,User,Tanner Jensen,Owner,indirect,ATG-REP-68f2b0a1-Owner
REP-68f2b0a1,UG-3CC272,Group,Captain,Read,Direct,ATG-REP-68f2b0a1-Read
REP-68f2b0a1,SF-4E1026,User,Aaron Gonzalez,Read,indirect,ATG-REP-68f2b0a1-Read
REP-68f2b0a1,SF-FD292A,User,Gina Webster,Read,indirect,ATG-REP-68f2b0a1-Read
REP-68f2b0a1,SF-6D835A,User,Tyler Miles,Read,indirect,ATG-REP-68f2b0a1-Read
REP-68f2b0a1,SF-4E1026,User,Aaron Gonzalez,Read,Direct,ATG-REP-68f2b0a1-Read
REP-68f2b0a1,SF-6224C6,User,Danielle Perez,Read,Direct,ATG-REP-68f2b0a1-Read
REP-0fe5c64f,UG-661ACD,Group,Away Team,Owner,Direct,ATG-REP-0fe5c64f-Owner
REP-0fe5c64f,SF-6FD6FF,User,Kylie Coleman,Owner,indirect,ATG-REP-0fe5c64f-Owner
REP-0fe5c64f,SF-00276C,User,Lori Taylor,Owner,indirect,ATG-REP-0fe5c64f-Owner
REP-0fe5c64f,SF-FD292A,User,Gina Webster,Owner,indirect,ATG-REP-0fe5c64f-Owner
REP-0fe5c64f,SF-924A68,User,Gabriel Jacobs,Owner,indirect,ATG-REP-0fe5c64f-Owner
REP-0fe5c64f,SF-BF4214,User,Melissa Lee,Owner,indirect,ATG-REP-0fe5c64f-Owner
REP-0fe5c64f,SF-D2B541,User,Sarah Harris,Owner,Direct,ATG-REP-0fe5c64f-Owner
REP-e2e2649f,UG-2C73C1,Group,Commander,Read,Direct,ATG-REP-e2e2649f-Read
REP-e2e2649f,SF-94F330,User,Peter Williams,Read,indirect,ATG-REP-e2e2649f-Read
REP-e2e2649f,SF-9DE5A9,User,Sandra Sanchez,Read,indirect,ATG-REP-e2e2649f-Read
REP-e2e2649f,SF-D1D5EF,User,Vincent Bates,Read,indirect,ATG-REP-e2e2649f-Read
REP-e2e2649f,SF-85B4C5,User,Kimberly Williams,Read,indirect,ATG-REP-e2e2649f-Read
REP-e2e2649f,SF-94F330,User,Peter Williams,ReadWrite,Direct,ATG-REP-e2e2649f-ReadWrite
REP-bcc5c7ee,UG-CFB98C,Group,Lieutenant Commander,Read,Direct,ATG-REP-bcc5c7ee-Read
REP-bcc5c7ee,SF-BF4214,User,Melissa Lee,Read,indirect,ATG-REP-bcc5c7ee-Read
REP-bcc5c7ee,SF-6D835A,User,Tyler Miles,Read,indirect,ATG-REP-bcc5c7ee-Read
REP-bcc5c7ee,UG-5A5753,Group,Security Officer,Owner,Direct,ATG-REP-bcc5c7ee-Owner
REP-bcc5c7ee,SF-E12219,User,Sean Hendricks,Owner,indirect,ATG-REP-bcc5c7ee-Owner
REP-bcc5c7ee,SF-D1D5EF,User,Vincent Bates,Owner,indirect,ATG-REP-bcc5c7ee-Owner
REP-bcc5c7ee,SF-500B65,User,Robin Jones,Owner,indirect,ATG-REP-bcc5c7ee-Owner
REP-bcc5c7ee,SF-52E89D,User,Tanner Jensen,Owner,indirect,ATG-REP-bcc5c7ee-Owner
REP-bcc5c7ee,SF-500B65,User,Robin Jones,ReadWrite,Direct,ATG-REP-bcc5c7ee-ReadWrite
REP-bcc5c7ee,SF-E12219,User,Sean Hendricks,Owner,Direct,ATG-REP-bcc5c7ee-Owner
REP-640d2234,UG-2C73C1,Group,Commander,Read,Direct,ATG-REP-640d2234-Read
REP-640d2234,SF-94F330,User,Peter Williams,Read,indirect,ATG-REP-640d2234-Read
REP-640d2234,SF-9DE5A9,User,Sandra Sanchez,Read,indirect,ATG-REP-640d2234-Read
REP-640d2234,SF-D1D5EF,User,Vincent Bates,Read,indirect,ATG-REP-640d2234-Read
REP-640d2234,SF-85B4C5,User,Kimberly Williams,Read,indirect,ATG-REP-640d2234-Read
REP-640d2234,UG-690010,Group,Lieutenant,ReadWrite,Direct,ATG-REP-640d2234-ReadWrite
REP-640d2234,SF-94F330,User,Peter Williams,ReadWrite,indirect,ATG-REP-640d2234-ReadWrite
REP-640d2234,SF-924A68,User,Gabriel Jacobs,ReadWrite,indirect,ATG-REP-640d2234-ReadWrite
REP-640d2234,SF-FD292A,User,Gina Webster,Read,Direct,ATG-REP-640d2234-Read
REP-640d2234,SF-94F330,User,Peter Williams,ReadWrite,Direct,ATG-REP-640d2234-ReadWrite
REP-1720d3a1,UG-2C73C1,Group,Commander,Read,Direct,ATG-REP-1720d3a1-Read
REP-1720d3a1,SF-94F330,User,Peter Williams,Read,indirect,ATG-REP-1720d3a1-Read
REP-1720d3a1,SF-9DE5A9,User,Sandra Sanchez,Read,indirect,ATG-REP-1720d3a1-Read
REP-1720d3a1,SF-D1D5EF,User,Vincent Bates,Read,indirect,ATG-REP-1720d3a1-Read
REP-1720d3a1,SF-85B4C5,User,Kimberly Williams,Read,indirect,ATG-REP-1720d3a1-Read
REP-1720d3a1,SF-94F330,User,Peter Williams,Owner,Direct,ATG-REP-1720d3a1-Owner
REP-26d555aa,UG-CFB98C,Group,Lieutenant Commander,Read,Direct,ATG-REP-26d555aa-Read
REP-26d555aa,SF-BF4214,User,Melissa Lee,Read,indirect,ATG-REP-26d555aa-Read
REP-26d555aa,SF-6D835A,User,Tyler Miles,Read,indirect,ATG-REP-26d555aa-Read
REP-26d555aa,UG-224BFB,Group,Science Officer,Read,Direct,ATG-REP-26d555aa-Read
REP-26d555aa,SF-9DE5A9,User,Sandra Sanchez,Read,indirect,ATG-REP-26d555aa-Read
REP-26d555aa,SF-D2B541,User,Sarah Harris,Read,indirect,ATG-REP-26d555aa-Read
REP-26d555aa,SF-BF4214,User,Melissa Lee,Read,indirect,ATG-REP-26d555aa-Read
REP-26d555aa,SF-4BE42E,User,Sabrina Martin,Read,indirect,ATG-REP-26d555aa-Read
REP-26d555aa,SF-FD292A,User,Gina Webster,Read,indirect,ATG-REP-26d555aa-Read
REP-26d555aa,UG-D5CE28,Group,Medical Officer,Owner,Direct,ATG-REP-26d555aa-Owner
REP-26d555aa,SF-D2B541,User,Sarah Harris,Owner,indirect,ATG-REP-26d555aa-Owner
REP-26d555aa,SF-00276C,User,Lori Taylor,Owner,indirect,ATG-REP-26d555aa-Owner
REP-26d555aa,SF-FF9C69,User,Ariel Brooks,Read,Direct,ATG-REP-26d555aa-Read
REP-26d555aa,SF-52E89D,User,Tanner Jensen,Read,Direct,ATG-REP-26d555aa-Read
REP-26d555aa,SF-4E1026,User,Aaron Gonzalez,ReadWrite,Direct,ATG-REP-26d555aa-ReadWrite
REP-50b3a470,UG-756300,Group,Engineering Officer,Read,Direct,ATG-REP-50b3a470-Read
REP-50b3a470,SF-6D835A,User,Tyler Miles,Read,indirect,ATG-REP-50b3a470-Read
REP-50b3a470,SF-85B4C5,User,Kimberly Williams,Read,indirect,ATG-REP-50b3a470-Read
REP-50b3a470,SF-924A68,User,Gabriel Jacobs,Read,indirect,ATG-REP-50b3a470-Read
REP-50b3a470,UG-CFB98C,Group,Lieutenant Commander,ReadWrite,Direct,ATG-REP-50b3a470-ReadWrite
REP-50b3a470,SF-BF4214,User,Melissa Lee,ReadWrite,indirect,ATG-REP-50b3a470-ReadWrite
REP-50b3a470,SF-6D835A,User,Tyler Miles,ReadWrite,indirect,ATG-REP-50b3a470-ReadWrite
REP-50b3a470,UG-690010,Group,Lieutenant,ReadWrite,Direct,ATG-REP-50b3a470-ReadWrite
REP-50b3a470,SF-94F330,User,Peter Williams,ReadWrite,indirect,ATG-REP-50b3a470-ReadWrite
REP-50b3a470,SF-924A68,User,Gabriel Jacobs,ReadWrite,indirect,ATG-REP-50b3a470-ReadWrite
REP-50b3a470,SF-6224C6,User,Danielle Perez,ReadWrite,Direct,ATG-REP-50b3a470-ReadWrite
REP-50b3a470,SF-FF9C69,User,Ariel Brooks,ReadWrite,Direct,ATG-REP-50b3a470-ReadWrite
REP-50b3a470,SF-52E89D,User,Tanner Jensen,ReadWrite,Direct,ATG-REP-50b3a470-ReadWrite
REP-c0d25e7c,UG-224BFB,Group,Science Officer,ReadWrite,Direct,ATG-REP-c0d25e7c-ReadWrite
REP-c0d25e7c,SF-9DE5A9,User,Sandra Sanchez,ReadWrite,indirect,ATG-REP-c0d25e7c-ReadWrite
REP-c0d25e7c,SF-D2B541,User,Sarah Harris,ReadWrite,indirect,ATG-REP-c0d25e7c-ReadWrite
REP-c0d25e7c,SF-BF4214,User,Melissa Lee,ReadWrite,indirect,ATG-REP-c0d25e7c-ReadWrite
REP-c0d25e7c,SF-4BE42E,User,Sabrina Martin,ReadWrite,indirect,ATG-REP-c0d25e7c-ReadWrite
REP-c0d25e7c,SF-FD292A,User,Gina Webster,ReadWrite,indirect,ATG-REP-c0d25e7c-ReadWrite
REP-c0d25e7c,UG-D5CE28,Group,Medical Officer,ReadWrite,Direct,ATG-REP-c0d25e7c-ReadWrite
REP-c0d25e7c,SF-D2B541,User,Sarah Harris,ReadWrite,indirect,ATG-REP-c0d25e7c-ReadWrite
REP-c0d25e7c,SF-00276C,User,Lori Taylor,ReadWrite,indirect,ATG-REP-c0d25e7c-ReadWrite
REP-c0d25e7c,UG-CFB98C,Group,Lieutenant Commander,Read,Direct,ATG-REP-c0d25e7c-Read
REP-c0d25e7c,SF-BF4214,User,Melissa Lee,Read,indirect,ATG-REP-c0d25e7c-Read
REP-c0d25e7c,SF-6D835A,User,Tyler Miles,Read,indirect,ATG-REP-c0d25e7c-Read
REP-c0d25e7c,SF-FD292A,User,Gina Webster,ReadWrite,Direct,ATG-REP-c0d25e7c-ReadWrite
REP-c0d25e7c,SF-D2B541,User,Sarah Harris,ReadWrite,Direct,ATG-REP-c0d25e7c-ReadWrite
REP-c0d25e7c,SF-6FD6FF,User,Kylie Coleman,ReadWrite,Direct,ATG-REP-c0d25e7c-ReadWrite
REP-aa9f7044,UG-5A5753,Group,Security Officer,Owner,Direct,ATG-REP-aa9f7044-Owner
REP-aa9f7044,SF-E12219,User,Sean Hendricks,Owner,indirect,ATG-REP-aa9f7044-Owner
REP-aa9f7044,SF-D1D5EF,User,Vincent Bates,Owner,indirect,ATG-REP-aa9f7044-Owner
REP-aa9f7044,SF-500B65,User,Robin Jones,Owner,indirect,ATG-REP-aa9f7044-Owner
REP-aa9f7044,SF-52E89D,User,Tanner Jensen,Owner,indirect,ATG-REP-aa9f7044-Owner
REP-aa9f7044,UG-43BC55,Group,Bridge Crew,ReadWrite,Direct,ATG-REP-aa9f7044-ReadWrite
REP-aa9f7044,SF-6FD6FF,User,Kylie Coleman,ReadWrite,indirect,ATG-REP-aa9f7044-ReadWrite
REP-aa9f7044,SF-4E1026,User,Aaron Gonzalez,ReadWrite,indirect,ATG-REP-aa9f7044-ReadWrite
REP-aa9f7044,SF-500B65,User,Robin Jones,ReadWrite,indirect,ATG-REP-aa9f7044-ReadWrite
REP-aa9f7044,SF-FEE711,User,Amanda Reynolds,Read,Direct,ATG-REP-aa9f7044-Read
REP-aa9f7044,SF-4E1026,User,Aaron Gonzalez,Owner,Direct,ATG-REP-aa9f7044-Owner
REP-80f99fa4,UG-CFB98C,Group,Lieutenant Commander,Owner,Direct,ATG-REP-80f99fa4-Owner
REP-80f99fa4,SF-BF4214,User,Melissa Lee,Owner,indirect,ATG-REP-80f99fa4-Owner
REP-80f99fa4,SF-6D835A,User,Tyler Miles,Owner,indirect,ATG-REP-80f99fa4-Owner
REP-80f99fa4,SF-D2B541,User,Sarah Harris,ReadWrite,Direct,ATG-REP-80f99fa4-ReadWrite
REP-41223b4c,UG-5A5753,Group,Security Officer,Read,Direct,ATG-REP-41223b4c-Read
REP-41223b4c,SF-E12219,User,Sean Hendricks,Read,indirect,ATG-REP-41223b4c-Read
REP-41223b4c,SF-D1D5EF,User,Vincent Bates,Read,indirect,ATG-REP-41223b4c-Read
REP-41223b4c,SF-500B65,User,Robin Jones,Read,indirect,ATG-REP-41223b4c-Read
REP-41223b4c,SF-52E89D,User,Tanner Jensen,Read,indirect,ATG-REP-41223b4c-Read
REP-41223b4c,UG-224BFB,Group,Science Officer,ReadWrite,Direct,ATG-REP-41223b4c-ReadWrite
REP-41223b4c,SF-9DE5A9,User,Sandra Sanchez,ReadWrite,indirect,ATG-REP-41223b4c-ReadWrite
REP-41223b4c,SF-D2B541,User,Sarah Harris,ReadWrite,indirect,ATG-REP-41223b4c-ReadWrite
REP-41223b4c,SF-BF4214,User,Melissa Lee,ReadWrite,indirect,ATG-REP-41223b4c-ReadWrite
REP-41223b4c,SF-4BE42E,User,Sabrina Martin,ReadWrite,indirect,ATG-REP-41223b4c-ReadWrite
REP-41223b4c,SF-FD292A,User,Gina Webster,ReadWrite,indirect,ATG-REP-41223b4c-ReadWrite
REP-41223b4c,SF-6224C6,User,Danielle Perez,Owner,Direct,ATG-REP-41223b4c-Owner
REP-41223b4c,SF-D1D5EF,User,Vincent Bates,Owner,Direct,ATG-REP-41223b4c-Owner
REP-f2b1a7b8,UG-690010,Group,Lieutenant,Owner,Direct,ATG-REP-f2b1a7b8-Owner
REP-f2b1a7b8,SF-94F330,User,Peter Williams,Owner,indirect,ATG-REP-f2b1a7b8-Owner
REP-f2b1a7b8,SF-924A68,User,Gabriel Jacobs,Owner,indirect,ATG-REP-f2b1a7b8-Owner
REP-f2b1a7b8,UG-224BFB,Group,Science Officer,Owner,Direct,ATG-REP-f2b1a7b8-Owner
REP-f2b1a7b8,SF-9DE5A9,User,Sandra Sanchez,Owner,indirect,ATG-REP-f2b1a7b8-Owner
REP-f2b1a7b8,SF-D2B541,User,Sarah Harris,Owner,indirect,ATG-REP-f2b1a7b8-Owner
REP-f2b1a7b8,SF-BF4214,User,Melissa Lee,Owner,indirect,ATG-REP-f2b1a7b8-Owner
REP-f2b1a7b8,SF-4BE42E,User,Sabrina Martin,Owner,indirect,ATG-REP-f2b1a7b8-Owner
REP-f2b1a7b8,SF-FD292A,User,Gina Webster,Owner,indirect,ATG-REP-f2b1a7b8-Owner
REP-f2b1a7b8,SF-9DE5A9,User,Sandra Sanchez,Owner,Direct,ATG-REP-f2b1a7b8-Owner
REP-f2b1a7b8,SF-00276C,User,Lori Taylor,ReadWrite,Direct,ATG-REP-f2b1a7b8-ReadWrite
REP-79d0981b,UG-DEFFB3,Group,Ensign,Owner,Direct,ATG-REP-79d0981b-Owner
REP-79d0981b,SF-4E1026,User,Aaron Gonzalez,Owner,indirect,ATG-REP-79d0981b-Owner
REP-79d0981b,SF-924A68,User,Gabriel Jacobs,Owner,indirect,ATG-REP-79d0981b-Owner
REP-79d0981b,SF-FD292A,User,Gina Webster,ReadWrite,Direct,ATG-REP-79d0981b-ReadWrite
REP-27a95880,UG-690010,Group,Lieutenant,ReadWrite,Direct,ATG-REP-27a95880-ReadWrite
REP-27a95880,SF-94F330,User,Peter Williams,ReadWrite,indirect,ATG-REP-27a95880-ReadWrite
REP-27a95880,SF-924A68,User,Gabriel Jacobs,ReadWrite,indirect,ATG-REP-27a95880-ReadWrite
REP-27a95880,UG-661ACD,Group,Away Team,Owner,Direct,ATG-REP-27a95880-Owner
REP-27a95880,SF-6FD6FF,User,Kylie Coleman,Owner,indirect,ATG-REP-27a95880-Owner
REP-27a95880,SF-00276C,User,Lori Taylor,Owner,indirect,ATG-REP-27a95880-Owner
REP-27a95880,SF-FD292A,User,Gina Webster,Owner,indirect,ATG-REP-27a95880-Owner
REP-27a95880,SF-924A68,User,Gabriel Jacobs,Owner,indirect,ATG-REP-27a95880-Owner
REP-27a95880,SF-BF4214,User,Melissa Lee,Owner,indirect,ATG-REP-27a95880-Owner
REP-27a95880,UG-DEFFB3,Group,Ensign,ReadWrite,Direct,ATG-REP-27a95880-ReadWrite
REP-27a95880,SF-4E1026,User,Aaron Gonzalez,ReadWrite,indirect,ATG-REP-27a95880-ReadWrite
REP-27a95880,SF-924A68,User,Gabriel Jacobs,ReadWrite,indirect,ATG-REP-27a95880-ReadWrite
REP-27a95880,SF-D2B541,User,Sarah Harris,ReadWrite,Direct,ATG-REP-27a95880-ReadWrite
REP-27a95880,SF-924A68,User,Gabriel Jacobs,ReadWrite,Direct,ATG-REP-27a95880-ReadWrite
REP-27a95880,SF-4BE42E,User,Sabrina Martin,ReadWrite,Direct,ATG-REP-27a95880-ReadWrite
REP-aa42ddc2,UG-CFB98C,Group,Lieutenant Commander,Owner,Direct,ATG-REP-aa42ddc2-Owner
REP-aa42ddc2,SF-BF4214,User,Melissa Lee,Owner,indirect,ATG-REP-aa42ddc2-Owner
REP-aa42ddc2,SF-6D835A,User,Tyler Miles,Owner,indirect,ATG-REP-aa42ddc2-Owner
REP-aa42ddc2,SF-94F330,User,Peter Williams,Read,Direct,ATG-REP-aa42ddc2-Read
REP-e8882d9d,UG-CFB98C,Group,Lieutenant Commander,Owner,Direct,ATG-REP-e8882d9d-Owner
REP-e8882d9d,SF-BF4214,User,Melissa Lee,Owner,indirect,ATG-REP-e8882d9d-Owner
REP-e8882d9d,SF-6D835A,User,Tyler Miles,Owner,indirect,ATG-REP-e8882d9d-Owner
REP-e8882d9d,UG-43BC55,Group,Bridge Crew,Read,Direct,ATG-REP-e8882d9d-Read
REP-e8882d9d,SF-6FD6FF,User,Kylie Coleman,Read,indirect,ATG-REP-e8882d9d-Read
REP-e8882d9d,SF-4E1026,User,Aaron Gonzalez,Read,indirect,ATG-REP-e8882d9d-Read
REP-e8882d9d,SF-500B65,User,Robin Jones,Read,indirect,ATG-REP-e8882d9d-Read
REP-e8882d9d,UG-756300,Group,Engineering Officer,Read,Direct,ATG-REP-e8882d9d-Read
REP-e8882d9d,SF-6D835A,User,Tyler Miles,Read,indirect,ATG-REP-e8882d9d-Read
REP-e8882d9d,SF-85B4C5,User,Kimberly Williams,Read,indirect,ATG-REP-e8882d9d-Read
REP-e8882d9d,SF-924A68,User,Gabriel Jacobs,Read,indirect,ATG-REP-e8882d9d-Read
REP-e8882d9d,SF-9DE5A9,User,Sandra Sanchez,ReadWrite,Direct,ATG-REP-e8882d9d-ReadWrite
REP-e8882d9d,SF-4BE42E,User,Sabrina Martin,Read,Direct,ATG-REP-e8882d9d-Read
REP-e8882d9d,SF-924A68,User,Gabriel Jacobs,ReadWrite,Direct,ATG-REP-e8882d9d-ReadWrite
REP-24a32ba9,UG-756300,Group,Engineering Officer,Read,Direct,ATG-REP-24a32ba9-Read
REP-24a32ba9,SF-6D835A,User,Tyler Miles,Read,indirect,ATG-REP-24a32ba9-Read
REP-24a32ba9,SF-85B4C5,User,Kimberly Williams,Read,indirect,ATG-REP-24a32ba9-Read
REP-24a32ba9,SF-924A68,User,Gabriel Jacobs,Read,indirect,ATG-REP-24a32ba9-Read
REP-24a32ba9,UG-DEFFB3,Group,Ensign,ReadWrite,Direct,ATG-REP-24a32ba9-ReadWrite
REP-24a32ba9,SF-4E1026,User,Aaron Gonzalez,ReadWrite,indirect,ATG-REP-24a32ba9-ReadWrite
REP-24a32ba9,SF-924A68,User,Gabriel Jacobs,ReadWrite,indirect,ATG-REP-24a32ba9-ReadWrite
REP-24a32ba9,UG-5A5753,Group,Security Officer,ReadWrite,Direct,ATG-REP-24a32ba9-ReadWrite
REP-24a32ba9,SF-E12219,User,Sean Hendricks,ReadWrite,indirect,ATG-REP-24a32ba9-ReadWrite
REP-24a32ba9,SF-D1D5EF,User,Vincent Bates,ReadWrite,indirect,ATG-REP-24a32ba9-ReadWrite
REP-24a32ba9,SF-500B65,User,Robin Jones,ReadWrite,indirect,ATG-REP-24a32ba9-ReadWrite
REP-24a32ba9,SF-52E89D,User,Tanner Jensen,ReadWrite,indirect,ATG-REP-24a32ba9-ReadWrite
REP-24a32ba9,SF-924A68,User,Gabriel Jacobs,Read,Direct,ATG-REP-24a32ba9-Read
REP-24a32ba9,SF-4BE42E,User,Sabrina Martin,Owner,Direct,ATG-REP-24a32ba9-Owner
REP-24a32ba9,SF-D1D5EF,User,Vincent Bates,Read,Direct,ATG-REP-24a32ba9-Read
REP-d3dbd2d3,UG-2C73C1,Group,Commander,ReadWrite,Direct,ATG-REP-d3dbd2d3-ReadWrite
REP-d3dbd2d3,SF-94F330,User,Peter Williams,ReadWrite,indirect,ATG-REP-d3dbd2d3-ReadWrite
REP-d3dbd2d3,SF-9DE5A9,User,Sandra Sanchez,ReadWrite,indirect,ATG-REP-d3dbd2d3-ReadWrite
REP-d3dbd2d3,SF-D1D5EF,User,Vincent Bates,ReadWrite,indirect,ATG-REP-d3dbd2d3-ReadWrite
REP-d3dbd2d3,SF-85B4C5,User,Kimberly Williams,ReadWrite,indirect,ATG-REP-d3dbd2d3-ReadWrite
REP-d3dbd2d3,UG-661ACD,Group,Away Team,ReadWrite,Direct,ATG-REP-d3dbd2d3-ReadWrite
REP-d3dbd2d3,SF-6FD6FF,User,Kylie Coleman,ReadWrite,indirect,ATG-REP-d3dbd2d3-ReadWrite
REP-d3dbd2d3,SF-00276C,User,Lori Taylor,ReadWrite,indirect,ATG-REP-d3dbd2d3-ReadWrite
REP-d3dbd2d3,SF-FD292A,User,Gina Webster,ReadWrite,indirect,ATG-REP-d3dbd2d3-ReadWrite
REP-d3dbd2d3,SF-924A68,User,Gabriel Jacobs,ReadWrite,indirect,ATG-REP-d3dbd2d3-ReadWrite
REP-d3dbd2d3,SF-BF4214,User,Melissa Lee,ReadWrite,indirect,ATG-REP-d3dbd2d3-ReadWrite
REP-d3dbd2d3,SF-D1D5EF,User,Vincent Bates,Read,Direct,ATG-REP-d3dbd2d3-Read
REP-d3dbd2d3,SF-6D835A,User,Tyler Miles,ReadWrite,Direct,ATG-REP-d3dbd2d3-ReadWrite
REP-03b89720,UG-D5CE28,Group,Medical Officer,Owner,Direct,ATG-REP-03b89720-Owner
REP-03b89720,SF-D2B541,User,Sarah Harris,Owner,indirect,ATG-REP-03b89720-Owner
REP-03b89720,SF-00276C,User,Lori Taylor,Owner,indirect,ATG-REP-03b89720-Owner
REP-03b89720,UG-CFB98C,Group,Lieutenant Commander,Owner,Direct,ATG-REP-03b89720-Owner
REP-03b89720,SF-BF4214,User,Melissa Lee,Owner,indirect,ATG-REP-03b89720-Owner
REP-03b89720,SF-6D835A,User,Tyler Miles,Owner,indirect,ATG-REP-03b89720-Owner
REP-03b89720,UG-690010,Group,Lieutenant,Owner,Direct,ATG-REP-03b89720-Owner
REP-03b89720,SF-94F330,User,Peter Williams,Owner,indirect,ATG-REP-03b89720-Owner
REP-03b89720,SF-924A68,User,Gabriel Jacobs,Owner,indirect,ATG-REP-03b89720-Owner
REP-03b89720,SF-BF4214,User,Melissa Lee,Read,Direct,ATG-REP-03b89720-Read
REP-03b89720,SF-924A68,User,Gabriel Jacobs,ReadWrite,Direct,ATG-REP-03b89720-ReadWrite
REP-03b89720,SF-00276C,User,Lori Taylor,Owner,Direct,ATG-REP-03b89720-Owner
REP-ef57909f,UG-2C73C1,Group,Commander,Read,Direct,ATG-REP-ef57909f-Read
REP-ef57909f,SF-94F330,User,Peter Williams,Read,indirect,ATG-REP-ef57909f-Read
REP-ef57909f,SF-9DE5A9,User,Sandra Sanchez,Read,indirect,ATG-REP-ef57909f-Read
REP-ef57909f,SF-D1D5EF,User,Vincent Bates,Read,indirect,ATG-REP-ef57909f-Read
REP-ef57909f,SF-85B4C5,User,Kimberly Williams,Read,indirect,ATG-REP-ef57909f-Read
REP-ef57909f,UG-690010,Group,Lieutenant,Owner,Direct,ATG-REP-ef57909f-Owner
REP-ef57909f,SF-94F330,User,Peter Williams,Owner,indirect,ATG-REP-ef57909f-Owner
REP-ef57909f,SF-924A68,User,Gabriel Jacobs,Owner,indirect,ATG-REP-ef57909f-Owner
REP-ef57909f,SF-9DE5A9,User,Sandra Sanchez,ReadWrite,Direct,ATG-REP-ef57909f-ReadWrite
REP-ef57909f,SF-BF4214,User,Melissa Lee,ReadWrite,Direct,ATG-REP-ef57909f-ReadWrite
REP-68832dc3,UG-756300,Group,Engineering Officer,Read,Direct,ATG-REP-68832dc3-Read
REP-68832dc3,SF-6D835A,User,Tyler Miles,Read,indirect,ATG-REP-68832dc3-Read
REP-68832dc3,SF-85B4C5,User,Kimberly Williams,Read,indirect,ATG-REP-68832dc3-Read
REP-68832dc3,SF-924A68,User,Gabriel Jacobs,Read,indirect,ATG-REP-68832dc3-Read
REP-68832dc3,SF-FEE711,User,Amanda Reynolds,ReadWrite,Direct,ATG-REP-68832dc3-ReadWrite
REP-bfb7ba0d,UG-224BFB,Group,Science Officer,Read,Direct,ATG-REP-bfb7ba0d-Read
REP-bfb7ba0d,SF-9DE5A9,User,Sandra Sanchez,Read,indirect,ATG-REP-bfb7ba0d-Read
REP-bfb7ba0d,SF-D2B541,User,Sarah Harris,Read,indirect,ATG-REP-bfb7ba0d-Read
REP-bfb7ba0d,SF-BF4214,User,Melissa Lee,Read,indirect,ATG-REP-bfb7ba0d-Read
REP-bfb7ba0d,SF-4BE42E,User,Sabrina Martin,Read,indirect,ATG-REP-bfb7ba0d-Read
REP-bfb7ba0d,SF-FD292A,User,Gina Webster,Read,indirect,ATG-REP-bfb7ba0d-Read
REP-bfb7ba0d,UG-5A5753,Group,Security Officer,ReadWrite,Direct,ATG-REP-bfb7ba0d-ReadWrite
REP-bfb7ba0d,SF-E12219,User,Sean Hendricks,ReadWrite,indirect,ATG-REP-bfb7ba0d-ReadWrite
REP-bfb7ba0d,SF-D1D5EF,User,Vincent Bates,ReadWrite,indirect,ATG-REP-bfb7ba0d-ReadWrite
REP-bfb7ba0d,SF-500B65,User,Robin Jones,ReadWrite,indirect,ATG-REP-bfb7ba0d-ReadWrite
REP-bfb7ba0d,SF-52E89D,User,Tanner Jensen,ReadWrite,indirect,ATG-REP-bfb7ba0d-ReadWrite
REP-bfb7ba0d,SF-00276C,User,Lori Taylor,Read,Direct,ATG-REP-bfb7ba0d-Read
REP-bfb7ba0d,SF-E12219,User,Sean Hendricks,Owner,Direct,ATG-REP-bfb7ba0d-Owner
REP-53c94305,UG-43BC55,Group,Bridge Crew,Read,Direct,ATG-REP-53c94305-Read
REP-53c94305,SF-6FD6FF,User,Kylie Coleman,Read,indirect,ATG-REP-53c94305-Read
REP-53c94305,SF-4E1026,User,Aaron Gonzalez,Read,indirect,ATG-REP-53c94305-Read
REP-53c94305,SF-500B65,User,Robin Jones,Read,indirect,ATG-REP-53c94305-Read
REP-53c94305,SF-E12219,User,Sean Hendricks,Owner,Direct,ATG-REP-53c94305-Owner
REP-699507f1,UG-DEFFB3,Group,Ensign,Read,Direct,ATG-REP-699507f1-Read
REP-699507f1,SF-4E1026,User,Aaron Gonzalez,Read,indirect,ATG-REP-699507f1-Read
REP-699507f1,SF-924A68,User,Gabriel Jacobs,Read,indirect,ATG-REP-699507f1-Read
REP-699507f1,UG-224BFB,Group,Science Officer,Read,Direct,ATG-REP-699507f1-Read
REP-699507f1,SF-9DE5A9,User,Sandra Sanchez,Read,indirect,ATG-REP-699507f1-Read
REP-699507f1,SF-D2B541,User,Sarah Harris,Read,indirect,ATG-REP-699507f1-Read
REP-699507f1,SF-BF4214,User,Melissa Lee,Read,indirect,ATG-REP-699507f1-Read
REP-699507f1,SF-4BE42E,User,Sabrina Martin,Read,indirect,ATG-REP-699507f1-Read
REP-699507f1,SF-FD292A,User,Gina Webster,Read,indirect,ATG-REP-699507f1-Read
REP-699507f1,SF-500B65,User,Robin Jones,Read,Direct,ATG-REP-699507f1-Read
REP-699507f1,SF-BF4214,User,Melissa Lee,ReadWrite,Direct,ATG-REP-699507f1-ReadWrite
REP-7643de2b,UG-690010,Group,Lieutenant,Read,Direct,ATG-REP-7643de2b-Read
REP-7643de2b,SF-94F330,User,Peter Williams,Read,indirect,ATG-REP-7643de2b-Read
REP-7643de2b,SF-924A68,User,Gabriel Jacobs,Read,indirect,ATG-REP-7643de2b-Read
REP-7643de2b,UG-661ACD,Group,Away Team,ReadWrite,Direct,ATG-REP-7643de2b-ReadWrite
REP-7643de2b,SF-6FD6FF,User,Kylie Coleman,ReadWrite,indirect,ATG-REP-7643de2b-ReadWrite
REP-7643de2b,SF-00276C,User,Lori Taylor,ReadWrite,indirect,ATG-REP-7643de2b-ReadWrite
REP-7643de2b,SF-FD292A,User,Gina Webster,ReadWrite,indirect,ATG-REP-7643de2b-ReadWrite
REP-7643de2b,SF-924A68,User,Gabriel Jacobs,ReadWrite,indirect,ATG-REP-7643de2b-ReadWrite
REP-7643de2b,SF-BF4214,User,Melissa Lee,ReadWrite,indirect,ATG-REP-7643de2b-ReadWrite
REP-7643de2b,UG-224BFB,Group,Science Officer,ReadWrite,Direct,ATG-REP-7643de2b-ReadWrite
REP-7643de2b,SF-9DE5A9,User,Sandra Sanchez,ReadWrite,indirect,ATG-REP-7643de2b-ReadWrite
REP-7643de2b,SF-D2B541,User,Sarah Harris,ReadWrite,indirect,ATG-REP-7643de2b-ReadWrite
REP-7643de2b,SF-BF4214,User,Melissa Lee,ReadWrite,indirect,ATG-REP-7643de2b-ReadWrite
REP-7643de2b,SF-4BE42E,User,Sabrina Martin,ReadWrite,indirect,ATG-REP-7643de2b-ReadWrite
REP-7643de2b,SF-FD292A,User,Gina Webster,ReadWrite,indirect,ATG-REP-7643de2b-ReadWrite
REP-7643de2b,SF-BF4214,User,Melissa Lee,Owner,Direct,ATG-REP-7643de2b-Owner
REP-7643de2b,SF-00276C,User,Lori Taylor,Read,Direct,ATG-REP-7643de2b-Read
REP-7643de2b,SF-6224C6,User,Danielle Perez,ReadWrite,Direct,ATG-REP-7643de2b-ReadWrite
REP-6d89d295,UG-43BC55,Group,Bridge Crew,Owner,Direct,ATG-REP-6d89d295-Owner
REP-6d89d295,SF-6FD6FF,User,Kylie Coleman,Owner,indirect,ATG-REP-6d89d295-Owner
REP-6d89d295,SF-4E1026,User,Aaron Gonzalez,Owner,indirect,ATG-REP-6d89d295-Owner
REP-6d89d295,SF-500B65,User,Robin Jones,Owner,indirect,ATG-REP-6d89d295-Owner
REP-6d89d295,UG-690010,Group,Lieutenant,Owner,Direct,ATG-REP-6d89d295-Owner
REP-6d89d295,SF-94F330,User,Peter Williams,Owner,indirect,ATG-REP-6d89d295-Owner
REP-6d89d295,SF-924A68,User,Gabriel Jacobs,Owner,indirect,ATG-REP-6d89d295-Owner
REP-6d89d295,UG-2C73C1,Group,Commander,Read,Direct,ATG-REP-6d89d295-Read
REP-6d89d295,SF-94F330,User,Peter Williams,Read,indirect,ATG-REP-6d89d295-Read
REP-6d89d295,SF-9DE5A9,User,Sandra Sanchez,Read,indirect,ATG-REP-6d89d295-Read
REP-6d89d295,SF-D1D5EF,User,Vincent Bates,Read,indirect,ATG-REP-6d89d295-Read
REP-6d89d295,SF-85B4C5,User,Kimberly Williams,Read,indirect,ATG-REP-6d89d295-Read
REP-6d89d295,SF-924A68,User,Gabriel Jacobs,Owner,Direct,ATG-REP-6d89d295-Owner
REP-6d89d295,SF-D1D5EF,User,Vincent Bates,Owner,Direct,ATG-REP-6d89d295-Owner
REP-6d89d295,SF-FEE711,User,Amanda Reynolds,Owner,Direct,ATG-REP-6d89d295-Owner
REP-1214a2d6,UG-3CC272,Group,Captain,Owner,Direct,ATG-REP-1214a2d6-Owner
REP-1214a2d6,SF-4E1026,User,Aaron Gonzalez,Owner,indirect,ATG-REP-1214a2d6-Owner
REP-1214a2d6,SF-FD292A,User,Gina Webster,Owner,indirect,ATG-REP-1214a2d6-Owner
REP-1214a2d6,SF-6D835A,User,Tyler Miles,Owner,indirect,ATG-REP-1214a2d6-Owner
REP-1214a2d6,UG-661ACD,Group,Away Team,Read,Direct,ATG-REP-1214a2d6-Read
REP-1214a2d6,SF-6FD6FF,User,Kylie Coleman,Read,indirect,ATG-REP-1214a2d6-Read
REP-1214a2d6,SF-00276C,User,Lori Taylor,Read,indirect,ATG-REP-1214a2d6-Read
REP-1214a2d6,SF-FD292A,User,Gina Webster,Read,indirect,ATG-REP-1214a2d6-Read
REP-1214a2d6,SF-924A68,User,Gabriel Jacobs,Read,indirect,ATG-REP-1214a2d6-Read
REP-1214a2d6,SF-BF4214,User,Melissa Lee,Read,indirect,ATG-REP-1214a2d6-Read
REP-1214a2d6,UG-CFB98C,Group,Lieutenant Commander,ReadWrite,Direct,ATG-REP-1214a2d6-ReadWrite
REP-1214a2d6,SF-BF4214,User,Melissa Lee,ReadWrite,indirect,ATG-REP-1214a2d6-ReadWrite
REP-1214a2d6,SF-6D835A,User,Tyler Miles,ReadWrite,indirect,ATG-REP-1214a2d6-ReadWrite
REP-1214a2d6,SF-B5EA77,User,Nancy Moss,Owner,Direct,ATG-REP-1214a2d6-Owner
REP-1214a2d6,SF-94F330,User,Peter Williams,Owner,Direct,ATG-REP-1214a2d6-Owner
REP-1214a2d6,SF-E12219,User,Sean Hendricks,Read,Direct,ATG-REP-1214a2d6-Read
REP-8e2edb70,UG-D5CE28,Group,Medical Officer,Read,Direct,ATG-REP-8e2edb70-Read
REP-8e2edb70,SF-D2B541,User,Sarah Harris,Read,indirect,ATG-REP-8e2edb70-Read
REP-8e2edb70,SF-00276C,User,Lori Taylor,Read,indirect,ATG-REP-8e2edb70-Read
REP-8e2edb70,UG-5A5753,Group,Security Officer,Read,Direct,ATG-REP-8e2edb70-Read
REP-8e2edb70,SF-E12219,User,Sean Hendricks,Read,indirect,ATG-REP-8e2edb70-Read
REP-8e2edb70,SF-D1D5EF,User,Vincent Bates,Read,indirect,ATG-REP-8e2edb70-Read
REP-8e2edb70,SF-500B65,User,Robin Jones,Read,indirect,ATG-REP-8e2edb70-Read
REP-8e2edb70,SF-52E89D,User,Tanner Jensen,Read,indirect,ATG-REP-8e2edb70-Read
REP-8e2edb70,SF-FD292A,User,Gina Webster,Owner,Direct,ATG-REP-8e2edb70-Owner
REP-8e2edb70,SF-924A68,User,Gabriel Jacobs,ReadWrite,Direct,ATG-REP-8e2edb70-ReadWrite
REP-b8cdbd95,UG-2C73C1,Group,Commander,Read,Direct,ATG-REP-b8cdbd95-Read
REP-b8cdbd95,SF-94F330,User,Peter Williams,Read,indirect,ATG-REP-b8cdbd95-Read
REP-b8cdbd95,SF-9DE5A9,User,Sandra Sanchez,Read,indirect,ATG-REP-b8cdbd95-Read
REP-b8cdbd95,SF-D1D5EF,User,Vincent Bates,Read,indirect,ATG-REP-b8cdbd95-Read
REP-b8cdbd95,SF-85B4C5,User,Kimberly Williams,Read,indirect,ATG-REP-b8cdbd95-Read
REP-b8cdbd95,SF-D2B541,User,Sarah Harris,Owner,Direct,ATG-REP-b8cdbd95-Owner
REP-0ef1f7f3,UG-CFB98C,Group,Lieutenant Commander,ReadWrite,Direct,ATG-REP-0ef1f7f3-ReadWrite
REP-0ef1f7f3,SF-BF4214,User,Melissa Lee,ReadWrite,indirect,ATG-REP-0ef1f7f3-ReadWrite
REP-0ef1f7f3,SF-6D835A,User,Tyler Miles,ReadWrite,indirect,ATG-REP-0ef1f7f3-ReadWrite
REP-0ef1f7f3,SF-4BE42E,User,Sabrina Martin,Read,Direct,ATG-REP-0ef1f7f3-Read
REP-c9d5560a,UG-224BFB,Group,Science Officer,Owner,Direct,ATG-REP-c9d5560a-Owner
REP-c9d5560a,SF-9DE5A9,User,Sandra Sanchez,Owner,indirect,ATG-REP-c9d5560a-Owner
REP-c9d5560a,SF-D2B541,User,Sarah Harris,Owner,indirect,ATG-REP-c9d5560a-Owner
REP-c9d5560a,SF-BF4214,User,Melissa Lee,Owner,indirect,ATG-REP-c9d5560a-Owner
REP-c9d5560a,SF-4BE42E,User,Sabrina Martin,Owner,indirect,ATG-REP-c9d5560a-Owner
REP-c9d5560a,SF-FD292A,User,Gina Webster,Owner,indirect,ATG-REP-c9d5560a-Owner
REP-c9d5560a,SF-00276C,User,Lori Taylor,Owner,Direct,ATG-REP-c9d5560a-Owner
REP-61eadd67,UG-2C73C1,Group,Commander,Read,Direct,ATG-REP-61eadd67-Read
REP-61eadd67,SF-94F330,User,Peter Williams,Read,indirect,ATG-REP-61eadd67-Read
REP-61eadd67,SF-9DE5A9,User,Sandra Sanchez,Read,indirect,ATG-REP-61eadd67-Read
REP-61eadd67,SF-D1D5EF,User,Vincent Bates,Read,indirect,ATG-REP-61eadd67-Read
REP-61eadd67,SF-85B4C5,User,Kimberly Williams,Read,indirect,ATG-REP-61eadd67-Read
REP-61eadd67,UG-43BC55,Group,Bridge Crew,ReadWrite,Direct,ATG-REP-61eadd67-ReadWrite
REP-61eadd67,SF-6FD6FF,User,Kylie Coleman,ReadWrite,indirect,ATG-REP-61eadd67-ReadWrite
REP-61eadd67,SF-4E1026,User,Aaron Gonzalez,ReadWrite,indirect,ATG-REP-61eadd67-ReadWrite
REP-61eadd67,SF-500B65,User,Robin Jones,ReadWrite,indirect,ATG-REP-61eadd67-ReadWrite
REP-61eadd67,UG-5A5753,Group,Security Officer,Owner,Direct,ATG-REP-61eadd67-Owner
REP-61eadd67,SF-E12219,User,Sean Hendricks,Owner,indirect,ATG-REP-61eadd67-Owner
REP-61eadd67,SF-D1D5EF,User,Vincent Bates,Owner,indirect,ATG-REP-61eadd67-Owner
REP-61eadd67,SF-500B65,User,Robin Jones,Owner,indirect,ATG-REP-61eadd67-Owner
REP-61eadd67,SF-52E89D,User,Tanner Jensen,Owner,indirect,ATG-REP-61eadd67-Owner
REP-61eadd67,SF-D1D5EF,User,Vincent Bates,Read,Direct,ATG-REP-61eadd67-Read
REP-61eadd67,SF-E12219,User,Sean Hendricks,Owner,Direct,ATG-REP-61eadd67-Owner
REP-61eadd67,SF-9DE5A9,User,Sandra Sanchez,Read,Direct,ATG-REP-61eadd67-Read
REP-0a35809c,UG-D5CE28,Group,Medical Officer,ReadWrite,Direct,ATG-REP-0a35809c-ReadWrite
REP-0a35809c,SF-D2B541,User,Sarah Harris,ReadWrite,indirect,ATG-REP-0a35809c-ReadWrite
REP-0a35809c,SF-00276C,User,Lori Taylor,ReadWrite,indirect,ATG-REP-0a35809c-ReadWrite
REP-0a35809c,UG-690010,Group,Lieutenant,Owner,Direct,ATG-REP-0a35809c-Owner
REP-0a35809c,SF-94F330,User,Peter Williams,Owner,indirect,ATG-REP-0a35809c-Owner
REP-0a35809c,SF-924A68,User,Gabriel Jacobs,Owner,indirect,ATG-REP-0a35809c-Owner
REP-0a35809c,UG-756300,Group,Engineering Officer,Read,Direct,ATG-REP-0a35809c-Read
REP-0a35809c,SF-6D835A,User,Tyler Miles,Read,indirect,ATG-REP-0a35809c-Read
REP-0a35809c,SF-85B4C5,User,Kimberly Williams,Read,indirect,ATG-REP-0a35809c-Read
REP-0a35809c,SF-924A68,User,Gabriel Jacobs,Read,indirect,ATG-REP-0a35809c-Read
REP-0a35809c,SF-D2B541,User,Sarah Harris,ReadWrite,Direct,ATG-REP-0a35809c-ReadWrite
REP-0a35809c,SF-85B4C5,User,Kimberly Williams,Read,Direct,ATG-REP-0a35809c-Read
REP-0a35809c,SF-500B65,User,Robin Jones,Owner,Direct,ATG-REP-0a35809c-Owner
REP-9e496bc5,UG-5A5753,Group,Security Officer,ReadWrite,Direct,ATG-REP-9e496bc5-ReadWrite
REP-9e496bc5,SF-E12219,User,Sean Hendricks,ReadWrite,indirect,ATG-REP-9e496bc5-ReadWrite
REP-9e496bc5,SF-D1D5EF,User,Vincent Bates,ReadWrite,indirect,ATG-REP-9e496bc5-ReadWrite
REP-9e496bc5,SF-500B65,User,Robin Jones,ReadWrite,indirect,ATG-REP-9e496bc5-ReadWrite
REP-9e496bc5,SF-52E89D,User,Tanner Jensen,ReadWrite,indirect,ATG-REP-9e496bc5-ReadWrite
REP-9e496bc5,UG-DEFFB3,Group,Ensign,ReadWrite,Direct,ATG-REP-9e496bc5-ReadWrite
REP-9e496bc5,SF-4E1026,User,Aaron Gonzalez,ReadWrite,indirect,ATG-REP-9e496bc5-ReadWrite
REP-9e496bc5,SF-924A68,User,Gabriel Jacobs,ReadWrite,indirect,ATG-REP-9e496bc5-ReadWrite
REP-9e496bc5,UG-CFB98C,Group,Lieutenant Commander,ReadWrite,Direct,ATG-REP-9e496bc5-ReadWrite
REP-9e496bc5,SF-BF4214,User,Melissa Lee,ReadWrite,indirect,ATG-REP-9e496bc5-ReadWrite
REP-9e496bc5,SF-6D835A,User,Tyler Miles,ReadWrite,indirect,ATG-REP-9e496bc5-ReadWrite
REP-9e496bc5,SF-94F330,User,Peter Williams,Owner,Direct,ATG-REP-9e496bc5-Owner
REP-9e496bc5,SF-00276C,User,Lori Taylor,Read,Direct,ATG-REP-9e496bc5-Read
REP-9e496bc5,SF-D2B541,User,Sarah Harris,ReadWrite,Direct,ATG-REP-9e496bc5-ReadWrite
REP-ed0ab0d9,UG-5A5753,Group,Security Officer,Read,Direct,ATG-REP-ed0ab0d9-Read
REP-ed0ab0d9,SF-E12219,User,Sean Hendricks,Read,indirect,ATG-REP-ed0ab0d9-Read
REP-ed0ab0d9,SF-D1D5EF,User,Vincent Bates,Read,indirect,ATG-REP-ed0ab0d9-Read
REP-ed0ab0d9,SF-500B65,User,Robin Jones,Read,indirect,ATG-REP-ed0ab0d9-Read
REP-ed0ab0d9,SF-52E89D,User,Tanner Jensen,Read,indirect,ATG-REP-ed0ab0d9-Read
REP-ed0ab0d9,UG-756300,Group,Engineering Officer,Read,Direct,ATG-REP-ed0ab0d9-Read
REP-ed0ab0d9,SF-6D835A,User,Tyler Miles,Read,indirect,ATG-REP-ed0ab0d9-Read
REP-ed0ab0d9,SF-85B4C5,User,Kimberly Williams,Read,indirect,ATG-REP-ed0ab0d9-Read
REP-ed0ab0d9,SF-924A68,User,Gabriel Jacobs,Read,indirect,ATG-REP-ed0ab0d9-Read
REP-ed0ab0d9,SF-500B65,User,Robin Jones,Read,Direct,ATG-REP-ed0ab0d9-Read
REP-ed0ab0d9,SF-4E1026,User,Aaron Gonzalez,Owner,Direct,ATG-REP-ed0ab0d9-Owner
REP-951dfdb8,UG-D5CE28,Group,Medical Officer,ReadWrite,Direct,ATG-REP-951dfdb8-ReadWrite
REP-951dfdb8,SF-D2B541,User,Sarah Harris,ReadWrite,indirect,ATG-REP-951dfdb8-ReadWrite
REP-951dfdb8,SF-00276C,User,Lori Taylor,ReadWrite,indirect,ATG-REP-951dfdb8-ReadWrite
REP-951dfdb8,SF-FD292A,User,Gina Webster,Owner,Direct,ATG-REP-951dfdb8-Owner
REP-303f2ec0,UG-224BFB,Group,Science Officer,ReadWrite,Direct,ATG-REP-303f2ec0-ReadWrite
REP-303f2ec0,SF-9DE5A9,User,Sandra Sanchez,ReadWrite,indirect,ATG-REP-303f2ec0-ReadWrite
REP-303f2ec0,SF-D2B541,User,Sarah Harris,ReadWrite,indirect,ATG-REP-303f2ec0-ReadWrite
REP-303f2ec0,SF-BF4214,User,Melissa Lee,ReadWrite,indirect,ATG-REP-303f2ec0-ReadWrite
REP-303f2ec0,SF-4BE42E,User,Sabrina Martin,ReadWrite,indirect,ATG-REP-303f2ec0-ReadWrite
REP-303f2ec0,SF-FD292A,User,Gina Webster,ReadWrite,indirect,ATG-REP-303f2ec0-ReadWrite
REP-303f2ec0,UG-43BC55,Group,Bridge Crew,Read,Direct,ATG-REP-303f2ec0-Read
REP-303f2ec0,SF-6FD6FF,User,Kylie Coleman,Read,indirect,ATG-REP-303f2ec0-Read
REP-303f2ec0,SF-4E1026,User,Aaron Gonzalez,Read,indirect,ATG-REP-303f2ec0-Read
REP-303f2ec0,SF-500B65,User,Robin Jones,Read,indirect,ATG-REP-303f2ec0-Read
REP-303f2ec0,SF-00276C,User,Lori Taylor,Read,Direct,ATG-REP-303f2ec0-Read
REP-303f2ec0,SF-FF9C69,User,Ariel Brooks,ReadWrite,Direct,ATG-REP-303f2ec0-ReadWrite
REP-177e9253,UG-CFB98C,Group,Lieutenant Commander,ReadWrite,Direct,ATG-REP-177e9253-ReadWrite
REP-177e9253,SF-BF4214,User,Melissa Lee,ReadWrite,indirect,ATG-REP-177e9253-ReadWrite
REP-177e9253,SF-6D835A,User,Tyler Miles,ReadWrite,indirect,ATG-REP-177e9253-ReadWrite
REP-177e9253,UG-661ACD,Group,Away Team,Read,Direct,ATG-REP-177e9253-Read
REP-177e9253,SF-6FD6FF,User,Kylie Coleman,Read,indirect,ATG-REP-177e9253-Read
REP-177e9253,SF-00276C,User,Lori Taylor,Read,indirect,ATG-REP-177e9253-Read
REP-177e9253,SF-FD292A,User,Gina Webster,Read,indirect,ATG-REP-177e9253-Read
REP-177e9253,SF-924A68,User,Gabriel Jacobs,Read,indirect,ATG-REP-177e9253-Read
REP-177e9253,SF-BF4214,User,Melissa Lee,Read,indirect,ATG-REP-177e9253-Read
REP-177e9253,SF-D1D5EF,User,Vincent Bates,Read,Direct,ATG-REP-177e9253-Read
REP-177e9253,SF-85B4C5,User,Kimberly Williams,Owner,Direct,ATG-REP-177e9253-Owner
REP-dcddd287,UG-43BC55,Group,Bridge Crew,ReadWrite,Direct,ATG-REP-dcddd287-ReadWrite
REP-dcddd287,SF-6FD6FF,User,Kylie Coleman,ReadWrite,indirect,ATG-REP-dcddd287-ReadWrite
REP-dcddd287,SF-4E1026,User,Aaron Gonzalez,ReadWrite,indirect,ATG-REP-dcddd287-ReadWrite
REP-dcddd287,SF-500B65,User,Robin Jones,ReadWrite,indirect,ATG-REP-dcddd287-ReadWrite
REP-dcddd287,SF-FD292A,User,Gina Webster,Owner,Direct,ATG-REP-dcddd287-Owner
REP-d4f27b45,UG-43BC55,Group,Bridge Crew,Owner,Direct,ATG-REP-d4f27b45-Owner
REP-d4f27b45,SF-6FD6FF,User,Kylie Coleman,Owner,indirect,ATG-REP-d4f27b45-Owner
REP-d4f27b45,SF-4E1026,User,Aaron Gonzalez,Owner,indirect,ATG-REP-d4f27b45-Owner
REP-d4f27b45,SF-500B65,User,Robin Jones,Owner,indirect,ATG-REP-d4f27b45-Owner
REP-d4f27b45,SF-00276C,User,Lori Taylor,ReadWrite,Direct,ATG-REP-d4f27b45-ReadWrite
REP-22ddde72,UG-D5CE28,Group,Medical Officer,ReadWrite,Direct,ATG-REP-22ddde72-ReadWrite
REP-22ddde72,SF-D2B541,User,Sarah Harris,ReadWrite,indirect,ATG-REP-22ddde72-ReadWrite
REP-22ddde72,SF-00276C,User,Lori Taylor,ReadWrite,indirect,ATG-REP-22ddde72-ReadWrite
REP-22ddde72,SF-FD292A,User,Gina Webster,ReadWrite,Direct,ATG-REP-22ddde72-ReadWrite
REP-7a063dae,UG-224BFB,Group,Science Officer,ReadWrite,Direct,ATG-REP-7a063dae-ReadWrite
REP-7a063dae,SF-9DE5A9,User,Sandra Sanchez,ReadWrite,indirect,ATG-REP-7a063dae-ReadWrite
REP-7a063dae,SF-D2B541,User,Sarah Harris,ReadWrite,indirect,ATG-REP-7a063dae-ReadWrite
REP-7a063dae,SF-BF4214,User,Melissa Lee,ReadWrite,indirect,ATG-REP-7a063dae-ReadWrite
REP-7a063dae,SF-4BE42E,User,Sabrina Martin,ReadWrite,indirect,ATG-REP-7a063dae-ReadWrite
REP-7a063dae,SF-FD292A,User,Gina Webster,ReadWrite,indirect,ATG-REP-7a063dae-ReadWrite
REP-7a063dae,UG-5A5753,Group,Security Officer,Read,Direct,ATG-REP-7a063dae-Read
REP-7a063dae,SF-E12219,User,Sean Hendricks,Read,indirect,ATG-REP-7a063dae-Read
REP-7a063dae,SF-D1D5EF,User,Vincent Bates,Read,indirect,ATG-REP-7a063dae-Read
REP-7a063dae,SF-500B65,User,Robin Jones,Read,indirect,ATG-REP-7a063dae-Read
REP-7a063dae,SF-52E89D,User,Tanner Jensen,Read,indirect,ATG-REP-7a063dae-Read
REP-7a063dae,SF-4BE42E,User,Sabrina Martin,ReadWrite,Direct,ATG-REP-7a063dae-ReadWrite
REP-7a063dae,SF-D1D5EF,User,Vincent Bates,Owner,Direct,ATG-REP-7a063dae-Owner
REP-211df42d,UG-CFB98C,Group,Lieutenant Commander,ReadWrite,Direct,ATG-REP-211df42d-ReadWrite
REP-211df42d,SF-BF4214,User,Melissa Lee,ReadWrite,indirect,ATG-REP-211df42d-ReadWrite
REP-211df42d,SF-6D835A,User,Tyler Miles,ReadWrite,indirect,ATG-REP-211df42d-ReadWrite
REP-211df42d,UG-43BC55,Group,Bridge Crew,Owner,Direct,ATG-REP-211df42d-Owner
REP-211df42d,SF-6FD6FF,User,Kylie Coleman,Owner,indirect,ATG-REP-211df42d-Owner
REP-211df42d,SF-4E1026,User,Aaron Gonzalez,Owner,indirect,ATG-REP-211df42d-Owner
REP-211df42d,SF-500B65,User,Robin Jones,Owner,indirect,ATG-REP-211df42d-Owner
REP-211df42d,SF-6FD6FF,User,Kylie Coleman,Owner,Direct,ATG-REP-211df42d-Owner
REP-211df42d,SF-E12219,User,Sean Hendricks,Owner,Direct,ATG-REP-211df42d-Owner
REP-2c91b609,UG-690010,Group,Lieutenant,Owner,Direct,ATG-REP-2c91b609-Owner
REP-2c91b609,SF-94F330,User,Peter Williams,Owner,indirect,ATG-REP-2c91b609-Owner
REP-2c91b609,SF-924A68,User,Gabriel Jacobs,Owner,indirect,ATG-REP-2c91b609-Owner
REP-2c91b609,UG-756300,Group,Engineering Officer,Read,Direct,ATG-REP-2c91b609-Read
REP-2c91b609,SF-6D835A,User,Tyler Miles,Read,indirect,ATG-REP-2c91b609-Read
REP-2c91b609,SF-85B4C5,User,Kimberly Williams,Read,indirect,ATG-REP-2c91b609-Read
REP-2c91b609,SF-924A68,User,Gabriel Jacobs,Read,indirect,ATG-REP-2c91b609-Read
REP-2c91b609,UG-D5CE28,Group,Medical Officer,ReadWrite,Direct,ATG-REP-2c91b609-ReadWrite
REP-2c91b609,SF-D2B541,User,Sarah Harris,ReadWrite,indirect,ATG-REP-2c91b609-ReadWrite
REP-2c91b609,SF-00276C,User,Lori Taylor,ReadWrite,indirect,ATG-REP-2c91b609-ReadWrite
REP-2c91b609,SF-4BE42E,User,Sabrina Martin,Read,Direct,ATG-REP-2c91b609-Read
REP-2c91b609,SF-E12219,User,Sean Hendricks,Read,Direct,ATG-REP-2c91b609-Read
REP-2c91b609,SF-D2B541,User,Sarah Harris,Owner,Direct,ATG-REP-2c91b609-Owner
REP-99733d93,UG-756300,Group,Engineering Officer,ReadWrite,Direct,ATG-REP-99733d93-ReadWrite
REP-99733d93,SF-6D835A,User,Tyler Miles,ReadWrite,indirect,ATG-REP-99733d93-ReadWrite
REP-99733d93,SF-85B4C5,User,Kimberly Williams,ReadWrite,indirect,ATG-REP-99733d93-ReadWrite
REP-99733d93,SF-924A68,User,Gabriel Jacobs,ReadWrite,indirect,ATG-REP-99733d93-ReadWrite
REP-99733d93,SF-9DE5A9,User,Sandra Sanchez,Read,Direct,ATG-REP-99733d93-Read
REP-674b98e9,UG-756300,Group,Engineering Officer,Owner,Direct,ATG-REP-674b98e9-Owner
REP-674b98e9,SF-6D835A,User,Tyler Miles,Owner,indirect,ATG-REP-674b98e9-Owner
REP-674b98e9,SF-85B4C5,User,Kimberly Williams,Owner,indirect,ATG-REP-674b98e9-Owner
REP-674b98e9,SF-924A68,User,Gabriel Jacobs,Owner,indirect,ATG-REP-674b98e9-Owner
REP-674b98e9,SF-FEE711,User,Amanda Reynolds,ReadWrite,Direct,ATG-REP-674b98e9-ReadWrite
REP-fa00d97f,UG-661ACD,Group,Away Team,Owner,Direct,ATG-REP-fa00d97f-Owner
REP-fa00d97f,SF-6FD6FF,User,Kylie Coleman,Owner,indirect,ATG-REP-fa00d97f-Owner
REP-fa00d97f,SF-00276C,User,Lori Taylor,Owner,indirect,ATG-REP-fa00d97f-Owner
REP-fa00d97f,SF-FD292A,User,Gina Webster,Owner,indirect,ATG-REP-fa00d97f-Owner
REP-fa00d97f,SF-924A68,User,Gabriel Jacobs,Owner,indirect,ATG-REP-fa00d97f-Owner
REP-fa00d97f,SF-BF4214,User,Melissa Lee,Owner,indirect,ATG-REP-fa00d97f-Owner
REP-fa00d97f,UG-756300,Group,Engineering Officer,ReadWrite,Direct,ATG-REP-fa00d97f-ReadWrite
REP-fa00d97f,SF-6D835A,User,Tyler Miles,ReadWrite,indirect,ATG-REP-fa00d97f-ReadWrite
REP-fa00d97f,SF-85B4C5,User,Kimberly Williams,ReadWrite,indirect,ATG-REP-fa00d97f-ReadWrite
REP-fa00d97f,SF-924A68,User,Gabriel Jacobs,ReadWrite,indirect,ATG-REP-fa00d97f-ReadWrite
REP-fa00d97f,UG-CFB98C,Group,Lieutenant Commander,Read,Direct,ATG-REP-fa00d97f-Read
REP-fa00d97f,SF-BF4214,User,Melissa Lee,Read,indirect,ATG-REP-fa00d97f-Read
REP-fa00d97f,SF-6D835A,User,Tyler Miles,Read,indirect,ATG-REP-fa00d97f-Read
REP-fa00d97f,SF-9DE5A9,User,Sandra Sanchez,Read,Direct,ATG-REP-fa00d97f-Read
REP-fa00d97f,SF-4BE42E,User,Sabrina Martin,Owner,Direct,ATG-REP-fa00d97f-Owner
REP-fa00d97f,SF-6D835A,User,Tyler Miles,ReadWrite,Direct,ATG-REP-fa00d97f-ReadWrite
