reportId,workspaceId,semanticModelId,reportName
REP-a63a7063,WKS-5b6962ef,SEM-1821cc6c,Phoenix BetaYorktown 1
REP-10bd7fab,WKS-5b6962ef,SEM-1821cc6c,Phoenix BetaEnterprise 5
REP-68f2b0a1,WKS-5b6962ef,SEM-1821cc6c,Phoenix BetaOdyssey 6
REP-0fe5c64f,WKS-5b6962ef,SEM-1821cc6c,Phoenix BetaDiscovery 2
REP-e2e2649f,WKS-5b6962ef,SEM-18ba0dae,Reliant GammaDiscovery 4
REP-bcc5c7ee,WKS-5b6962ef,SEM-18ba0dae,Reliant GammaPhoenix 4
REP-640d2234,WKS-5b6962ef,SEM-9bc1467b,Odyssey EpsilonPhoenix 6
REP-1720d3a1,WKS-5b6962ef,SEM-9bc1467b,Odyssey EpsilonDefiant 9
REP-26d555aa,WKS-5b6962ef,SEM-e72cdcc2,Intrepid PrimeReliant 9
REP-50b3a470,WKS-5b6962ef,SEM-e72cdcc2,Intrepid PrimeDiscovery 3
REP-c0d25e7c,WKS-5b6962ef,SEM-e72cdcc2,Intrepid PrimeIntrepid 8
REP-aa9f7044,WKS-5b6962ef,SEM-e72cdcc2,Intrepid PrimeDefiant 9
REP-80f99fa4,WKS-d6a39ae5,SEM-1de02fa3,Reliant GammaPhoenix 8
REP-41223b4c,WKS-d6a39ae5,SEM-1de02fa3,Reliant GammaReliant 2
REP-f2b1a7b8,WKS-d6a39ae5,SEM-1de02fa3,Reliant GammaIntrepid 3
REP-79d0981b,WKS-d6a39ae5,SEM-1de02fa3,Reliant GammaIntrepid 3
REP-27a95880,WKS-d6a39ae5,SEM-5231095a,Enterprise PrimeOdyssey 10
REP-aa42ddc2,WKS-d6a39ae5,SEM-5231095a,Enterprise PrimeExcelsior 5
REP-e8882d9d,WKS-d6a39ae5,SEM-5231095a,Enterprise PrimeDefiant 8
REP-24a32ba9,WKS-d6a39ae5,SEM-90557bc9,Excelsior ZetaDiscovery 2
REP-d3dbd2d3,WKS-d6a39ae5,SEM-90557bc9,Excelsior ZetaExcelsior 1
REP-03b89720,WKS-d6a39ae5,SEM-90557bc9,Excelsior ZetaDiscovery 3
REP-ef57909f,WKS-d6a39ae5,SEM-90557bc9,Excelsior ZetaEnterprise 10
REP-68832dc3,WKS-d6a39ae5,SEM-90557bc9,Excelsior ZetaExcelsior 6
REP-bfb7ba0d,WKS-d6a39ae5,SEM-a92061c8,Excelsior PrimeYorktown 8
REP-53c94305,WKS-d6a39ae5,SEM-a92061c8,Excelsior PrimeDefiant 8
REP-699507f1,WKS-d6a39ae5,SEM-a92061c8,Excelsior PrimeIntrepid 8
REP-7643de2b,WKS-d6a39ae5,SEM-a92061c8,Excelsior PrimeEnterprise 8
REP-6d89d295,WKS-d6a39ae5,SEM-a92061c8,Excelsior PrimeDiscovery 6
REP-1214a2d6,WKS-d6a39ae5,SEM-35e88b64,Reliant PrimeYorktown 3
REP-8e2edb70,WKS-d6a39ae5,SEM-35e88b64,Reliant PrimeOdyssey 1
REP-b8cdbd95,WKS-a8083ba1,SEM-cdb96f07,Excelsior EpsilonPhoenix 8
REP-0ef1f7f3,WKS-a8083ba1,SEM-cdb96f07,Excelsior EpsilonDefiant 5
REP-c9d5560a,WKS-a8083ba1,SEM-b2d58a8d,Phoenix PrimeExcelsior 9
REP-61eadd67,WKS-a8083ba1,SEM-fc3e5467,Voyager BetaOdyssey 6
REP-0a35809c,WKS-a8083ba1,SEM-fc3e5467,Voyager BetaIntrepid 4
REP-9e496bc5,WKS-a8083ba1,SEM-fc3e5467,Voyager BetaDefiant 4
REP-ed0ab0d9,WKS-a8083ba1,SEM-fc3e5467,Voyager BetaIntrepid 4
REP-951dfdb8,WKS-a8083ba1,SEM-fc3e5467,Voyager BetaExcelsior 6
REP-303f2ec0,WKS-bf7914a3,SEM-400adc1e,Voyager ZetaVoyager 9
REP-177e9253,WKS-bf7914a3,SEM-400adc1e,Voyager ZetaExcelsior 10
REP-dcddd287,WKS-bf7914a3,SEM-400adc1e,Voyager ZetaVoyager 7
REP-d4f27b45,WKS-bf7914a3,SEM-400adc1e,Voyager ZetaDiscovery 7
REP-22ddde72,WKS-bf7914a3,SEM-400adc1e,Voyager ZetaReliant 2
REP-7a063dae,WKS-179874b1,SEM-f61ae4f9,Phoenix AuxiliaryPhoenix 4
REP-211df42d,WKS-179874b1,SEM-f61ae4f9,Phoenix AuxiliaryDiscovery 9
REP-2c91b609,WKS-179874b1,SEM-ff0c559f,Voyager BetaIntrepid 1
REP-99733d93,WKS-179874b1,SEM-ff0c559f,Voyager BetaDefiant 10
REP-674b98e9,WKS-179874b1,SEM-ff0c559f,Voyager BetaDefiant 1
REP-fa00d97f,WKS-179874b1,SEM-18770829,Reliant PrimePhoenix 5
